Repository,Date,Stars
neuroinformatics-unit/movement,Apr 05 2020,0
neuroinformatics-unit/movement,Apr 06 2020,1
neuroinformatics-unit/movement,Dec 08 2023,15
neuroinformatics-unit/movement,Mar 11 2024,29
neuroinformatics-unit/movement,Mar 24 2024,43
neuroinformatics-unit/movement,Jun 02 2024,57
neuroinformatics-unit/movement,Jun 10 2024,71
neuroinformatics-unit/movement,Aug 14 2024,85
neuroinformatics-unit/movement,Oct 17 2024,99
neuroinformatics-unit/movement,Jan 11 2025,113
neuroinformatics-unit/movement,Feb 28 2025,127
neuroinformatics-unit/movement,Mar 17 2025,141
neuroinformatics-unit/movement,Apr 02 2025,155
neuroinformatics-unit/movement,Apr 13 2025,169
neuroinformatics-unit/movement,Jun 19 2025,183
neuroinformatics-unit/movement,Oct 03 2025,197
neuroinformatics-unit/movement,Nov 03 2025,211
neuroinformatics-unit/movement,Nov 18 2025,212
